word,avg. stability
الولايات المتحده الاميركيه,0.1395780407991155
اميركا,0.07242720561617383
اسرائيل,0.21235442347558264
فلسطيني,0.18803614680370928
حزب الله,0.1535185354354819
المقاومه,0.1333439589198089
سوري,0.07254402356705246
منظمه التحرير الفلسطينيه,0.1106607973109009
ايران,0.110021732881645
السعوديه,0.09991476961532869
