word,avg. stability
الولايات المتحده الاميركيه,0.14385088248547323
اميركا,0.1348355160969533
اسرائيل,0.21181555640339356
فلسطيني,0.1929702214680664
حزب الله,0.14529435505638316
المقاومه,0.13045691075551633
سوري,0.09867989139588573
منظمه التحرير الفلسطينيه,0.1589492850472704
ايران,0.05747169784841639
السعوديه,0.0938717855664879
