word,avg. stability
الولايات المتحده الاميركيه,0.1656663163238754
اميركا,0.16391787523572232
اسرائيل,0.2675244043443334
فلسطيني,0.18613279750747067
حزب الله,0.12021373980844817
المقاومه,0.10796524389125459
سوري,0.08012082548046769
منظمه التحرير الفلسطينيه,0.1025834140287118
ايران,0.09283034976591474
السعوديه,0.05905667497066624
